Registrar: GODADDY.COM, LLC
Registrar: ENOM, INC.
Registrar: ENOM, INC.
Registrar: GODADDY.COM, LLC
Registrar: GODADDY.COM, LLC
Registrar: GODADDY.COM, LLC
Registrar: WILD WEST DOMAINS, LLC
Registrar: GODADDY.COM, LLC
Registrar: GODADDY.COM, LLC
Registrar: GODADDY.COM, LLC
Registrar: GODADDY.COM, LLC
Registrar: ENOM, INC.
Registrar: ENOM, INC.
Registrar: GODADDY.COM, LLC
Registrar: GODADDY.COM, LLC
Registrar: GODADDY.COM, LLC
Registrar: ENOM413 INCORPORATED
Registrar: eNom413, Incorporated
Registrar: GODADDY.COM, LLC
Registrar: ENOM, INC.
Registrar: ENOM, INC.
Registrar: GODADDY.COM, LLC
Registrar: GODADDY.COM, LLC
Registrar: Dynadot, LLC
Registrar: GODADDY.COM, LLC
Registrar: GODADDY.COM, LLC
Registrar: GODADDY.COM, LLC
Registrar: NAMESAPLENTY LLC
Registrar: Namesaplenty LLC
Registrar: GODADDY.COM, LLC
Registrar: GODADDY.COM, LLC
Registrar: WILD WEST DOMAINS, LLC
Registrar: GODADDY.COM, LLC
Registrar: GoDaddy.com, LLC
Registrar: AMAZON REGISTRAR, INC.
Registrar: Amazon Registrar, Inc.
Registrar: GODADDY.COM, LLC
Registrar: GODADDY.COM, LLC
Registrar: GODADDY.COM, LLC
Registrar: GODADDY.COM, LLC
Registrar: GODADDY.COM, LLC
Registrar: GODADDY.COM, LLC
Registrar: WHITE ALLIGATOR DOMAINS, LLC
Registrar: White Alligator Domains, LLC
Registrar: GODADDY.COM, LLC
Registrar: GODADDY.COM, LLC
Registrar: GODADDY.COM, LLC
Registrar: GODADDY.COM, LLC
Registrar: GODADDY.COM, LLC
Registrar: GODADDY.COM, LLC
